OrderID,OrderDate,Region,Category,Product,Sales,Profit,Quantity,Discount
1001,2024-10-06,East,Electronics,Tablet,964.11,278.58,3,0.05
1002,2024-01-22,North,Electronics,TV,464.05,103.42,5,0.05
1003,2024-11-05,East,Clothing,Shoes,1973.97,524.27,3,0.05
1004,2024-03-09,South,Clothing,T-Shirt,845.41,152.74,3,0.0
1005,2024-10-09,North,Furniture,Bed,342.13,52.13,1,0.05
1006,2024-06-03,North,Furniture,Table,863.35,176.08,2,0.0
1007,2024-08-26,North,Clothing,Jeans,1880.36,168.12,1,0.1
1008,2024-05-01,West,Furniture,Chair,280.35,53.1,4,0.1
1009,2024-07-08,North,Furniture,Table,490.83,70.93,4,0.2
1010,2024-07-23,West,Electronics,Headphones,553.24,84.16,4,0.2
1011,2024-10-13,North,Furniture,Bed,934.17,210.64,2,0.05
1012,2024-05-11,North,Furniture,Bed,1416.51,285.88,4,0.05
1013,2024-05-23,West,Clothing,Shoes,1491.74,272.7,1,0.15
1014,2024-06-23,South,Furniture,Bookshelf,992.44,237.63,5,0.05
1015,2024-08-13,South,Furniture,Table,1215.88,302.1,2,0.15
1016,2024-07-29,East,Furniture,Bed,128.62,25.33,4,0.0
1017,2024-11-25,West,Electronics,TV,1678.5,224.0,5,0.1
1018,2024-02-08,East,Furniture,Bookshelf,1161.02,321.27,3,0.15
1019,2024-06-09,West,Clothing,Shoes,1898.4,358.4,2,0.0
1020,2024-11-11,East,Electronics,TV,1920.67,560.85,2,0.1
1021,2024-07-22,East,Electronics,Laptop,795.8,149.07,5,0.0
1022,2024-08-22,East,Electronics,Laptop,1548.03,148.47,1,0.2
1023,2024-08-17,West,Furniture,Table,1743.71,254.12,2,0.05
1024,2024-01-01,East,Furniture,Bed,1869.28,154.02,1,0.05
1025,2024-01-10,North,Furniture,Bed,1614.85,196.56,3,0.15
1026,2024-07-28,South,Electronics,Smartphone,1704.57,408.01,5,0.15
1027,2024-12-15,East,Furniture,Table,61.01,8.45,2,0.15
1028,2024-06-30,North,Electronics,Tablet,329.25,40.89,1,0.0
1029,2024-03-24,East,Clothing,Dress,77.73,7.84,2,0.2
1030,2024-06-21,East,Furniture,Table,1903.49,546.07,5,0.2
1031,2024-03-19,West,Clothing,Jeans,1855.89,376.7,1,0.2
1032,2024-03-05,West,Clothing,Dress,1989.7,433.54,3,0.0
1033,2024-03-12,South,Clothing,Dress,879.77,101.06,4,0.0
1034,2024-08-05,East,Furniture,Sofa,1939.71,541.78,1,0.15
1035,2024-01-03,North,Furniture,Bed,1761.23,206.98,4,0.15
1036,2024-08-04,West,Electronics,Laptop,1505.76,103.51,4,0.2
1037,2024-02-12,South,Furniture,Chair,966.37,197.82,3,0.0
1038,2024-10-04,West,Electronics,Laptop,1171.54,68.47,1,0.2
1039,2024-03-10,North,Electronics,Laptop,1662.92,274.92,3,0.0
1040,2024-04-21,East,Furniture,Chair,179.44,31.72,4,0.1
1041,2024-08-09,North,Electronics,Smartphone,262.75,13.54,4,0.05
1042,2024-02-10,West,Furniture,Bookshelf,852.27,49.8,1,0.1
1043,2024-05-03,South,Clothing,Dress,355.75,53.78,2,0.05
1044,2024-05-03,East,Clothing,T-Shirt,1949.3,251.22,2,0.05
1045,2024-10-30,North,Furniture,Bookshelf,93.24,24.65,3,0.2
1046,2024-10-06,East,Clothing,Shoes,525.33,129.24,3,0.15
1047,2024-11-18,North,Electronics,Headphones,756.75,42.74,2,0.2
1048,2024-06-05,East,Clothing,Jeans,979.35,186.17,2,0.05
1049,2024-03-18,East,Electronics,Headphones,915.68,187.13,2,0.2
1050,2024-02-14,South,Electronics,Smartphone,1624.09,321.12,5,0.15
1051,2024-08-12,East,Clothing,Jeans,1885.17,557.51,1,0.0
1052,2024-05-27,North,Furniture,Bookshelf,144.14,9.5,5,0.15
1053,2024-12-28,West,Furniture,Sofa,314.21,43.02,2,0.0
1054,2024-09-02,East,Furniture,Chair,162.73,10.73,1,0.1
1055,2024-05-13,North,Electronics,Headphones,848.72,90.52,3,0.0
1056,2024-06-02,East,Furniture,Table,1140.08,225.45,4,0.1
1057,2024-08-09,South,Electronics,Headphones,317.67,45.93,1,0.0
1058,2024-05-16,South,Furniture,Sofa,189.54,17.4,3,0.2
1059,2024-04-07,North,Electronics,Smartphone,767.38,167.65,1,0.05
1060,2024-03-22,West,Furniture,Chair,340.08,40.73,1,0.2
1061,2024-12-28,West,Furniture,Chair,712.51,166.68,3,0.1
1062,2024-04-08,North,Furniture,Sofa,999.45,121.55,3,0.2
1063,2024-09-14,North,Clothing,Dress,1632.2,158.19,5,0.05
1064,2024-08-30,South,Clothing,Jeans,352.47,90.63,2,0.1
1065,2024-07-03,North,Clothing,Jeans,1332.43,108.85,2,0.1
1066,2024-07-17,East,Electronics,Tablet,486.9,42.11,3,0.15
1067,2024-10-27,North,Furniture,Bookshelf,744.17,170.24,2,0.05
1068,2024-05-08,North,Furniture,Sofa,1232.64,258.58,5,0.05
1069,2024-03-26,North,Clothing,Jacket,980.26,234.29,1,0.15
1070,2024-06-02,North,Clothing,Jeans,1220.83,310.03,3,0.1
1071,2024-01-03,West,Furniture,Bookshelf,516.08,35.95,5,0.15
1072,2024-01-18,South,Electronics,Laptop,1409.27,305.67,2,0.1
1073,2024-10-09,East,Electronics,Smartphone,215.99,21.61,2,0.1
1074,2024-03-26,South,Electronics,Laptop,580.7,140.28,3,0.05
1075,2024-07-19,East,Furniture,Bookshelf,633.02,92.23,2,0.15
1076,2024-05-09,East,Electronics,Tablet,84.51,10.32,2,0.05
1077,2024-12-22,East,Clothing,T-Shirt,782.32,205.25,5,0.2
1078,2024-03-17,North,Clothing,Jacket,232.31,12.5,1,0.1
1079,2024-11-07,West,Clothing,T-Shirt,1704.08,463.47,3,0.2
1080,2024-02-08,East,Electronics,Laptop,1292.92,373.9,1,0.2
1081,2024-06-07,West,Clothing,Dress,151.52,27.3,5,0.05
1082,2024-05-31,East,Clothing,Shoes,1037.84,202.42,2,0.0
1083,2024-08-06,West,Clothing,Jeans,1240.89,286.57,4,0.15
1084,2024-12-16,South,Furniture,Bookshelf,257.43,15.15,3,0.1
1085,2024-04-14,East,Furniture,Bed,1572.74,182.21,1,0.2
1086,2024-08-04,South,Clothing,Shoes,269.32,56.87,1,0.05
1087,2024-08-26,North,Furniture,Bed,618.8,41.91,2,0.05
1088,2024-06-12,North,Furniture,Bookshelf,1425.83,171.91,3,0.0
1089,2024-03-15,East,Electronics,Laptop,905.7,191.38,2,0.15
1090,2024-08-12,East,Furniture,Bookshelf,1067.69,57.73,1,0.1
1091,2024-06-02,North,Clothing,Jeans,1598.75,380.26,3,0.15
1092,2024-06-05,North,Clothing,Dress,1791.13,199.02,3,0.05
1093,2024-08-15,West,Clothing,Jacket,1754.52,225.55,1,0.2
1094,2024-03-08,North,Clothing,Shoes,489.2,56.61,3,0.15
1095,2024-08-02,South,Electronics,TV,504.68,74.84,1,0.05
1096,2024-09-10,North,Furniture,Table,581.46,86.87,5,0.05
1097,2024-05-20,East,Clothing,Jeans,1525.15,303.79,3,0.2
1098,2024-12-13,South,Clothing,Jeans,1014.95,169.06,2,0.2
1099,2024-03-05,North,Clothing,Shoes,472.35,123.17,4,0.0
1100,2024-01-02,North,Furniture,Chair,1991.51,595.22,4,0.15
1101,2024-11-18,South,Clothing,Jacket,452.09,42.31,2,0.05
1102,2024-08-20,East,Electronics,TV,1389.69,405.02,2,0.2
1103,2024-01-19,South,Clothing,Shoes,1699.5,434.74,3,0.15
1104,2024-09-09,North,Electronics,Headphones,97.21,26.36,1,0.0
1105,2024-12-18,West,Furniture,Chair,1360.05,99.65,5,0.05
1106,2024-03-04,West,Furniture,Bookshelf,136.02,31.79,4,0.0
1107,2024-06-13,West,Clothing,Jacket,934.3,206.77,4,0.15
1108,2024-04-30,West,Electronics,TV,202.79,48.2,4,0.05
1109,2024-07-06,East,Clothing,Dress,522.53,53.11,2,0.2
1110,2024-06-25,East,Clothing,T-Shirt,125.23,36.24,1,0.05
1111,2024-12-05,North,Clothing,Jacket,456.01,39.49,1,0.0
1112,2024-10-14,North,Electronics,Laptop,1591.19,310.63,2,0.2
1113,2024-09-09,South,Clothing,T-Shirt,756.61,94.4,2,0.05
1114,2024-01-11,South,Clothing,Jacket,138.81,40.22,5,0.2
1115,2024-07-04,West,Electronics,Laptop,1059.62,302.47,5,0.2
1116,2024-07-25,North,Electronics,Headphones,1479.71,144.5,1,0.15
1117,2024-04-27,West,Electronics,Tablet,1518.55,159.85,1,0.15
1118,2024-09-22,South,Clothing,Jeans,793.3,237.48,2,0.05
1119,2024-11-14,West,Clothing,Shoes,734.66,201.66,5,0.2
1120,2024-08-03,North,Electronics,Laptop,1664.02,180.42,2,0.05
1121,2024-04-23,West,Electronics,Headphones,1770.79,465.28,2,0.05
1122,2024-09-10,South,Electronics,TV,1702.16,243.25,3,0.2
1123,2024-11-27,West,Clothing,Jeans,890.43,170.52,1,0.05
1124,2024-04-23,West,Electronics,Smartphone,1048.37,167.97,3,0.15
1125,2024-03-02,South,Electronics,Laptop,1356.84,151.45,4,0.0
1126,2024-01-08,North,Clothing,Jacket,693.13,198.15,4,0.15
1127,2024-08-20,North,Furniture,Bed,309.97,82.63,5,0.1
1128,2024-06-12,South,Furniture,Bookshelf,1467.28,154.57,1,0.0
1129,2024-09-18,North,Furniture,Bookshelf,1681.5,187.27,2,0.15
1130,2024-05-29,West,Furniture,Bookshelf,1062.31,131.58,5,0.15
1131,2024-01-05,North,Furniture,Bed,764.18,49.66,1,0.05
1132,2024-03-03,South,Electronics,Smartphone,1126.2,81.35,2,0.05
1133,2024-12-05,North,Electronics,Laptop,248.03,70.91,2,0.2
1134,2024-04-15,West,Clothing,Jeans,1978.27,491.05,1,0.05
1135,2024-05-22,East,Electronics,TV,953.75,88.67,2,0.15
1136,2024-06-03,West,Furniture,Sofa,996.51,77.88,4,0.0
1137,2024-11-02,North,Furniture,Sofa,1217.59,220.55,2,0.1
1138,2024-11-09,South,Clothing,Jeans,1343.76,247.32,3,0.0
1139,2024-04-16,West,Clothing,Shoes,722.76,122.06,1,0.0
1140,2024-12-12,East,Clothing,Jeans,138.67,39.18,5,0.0
1141,2024-04-14,West,Electronics,Tablet,74.75,11.04,4,0.0
1142,2024-10-23,North,Electronics,Laptop,1689.67,363.55,3,0.15
1143,2024-04-20,North,Furniture,Bed,817.6,40.98,3,0.15
1144,2024-10-04,West,Furniture,Table,1496.21,246.57,2,0.2
1145,2024-03-08,South,Furniture,Bookshelf,279.84,45.12,3,0.05
1146,2024-06-29,North,Clothing,Shoes,775.3,70.41,3,0.1
1147,2024-07-23,East,Electronics,Laptop,261.32,18.68,4,0.2
1148,2024-02-20,South,Clothing,Dress,336.6,61.87,1,0.05
1149,2024-07-07,South,Electronics,Smartphone,692.68,96.8,1,0.2
1150,2024-03-08,East,Electronics,TV,369.82,20.05,5,0.05
1151,2024-01-25,South,Electronics,TV,693.62,121.53,4,0.05
1152,2024-08-21,East,Furniture,Sofa,1639.77,153.03,2,0.05
1153,2024-11-16,West,Furniture,Bookshelf,1322.61,176.02,5,0.05
1154,2024-06-30,South,Furniture,Bookshelf,586.27,34.9,4,0.15
1155,2024-08-02,West,Clothing,Jacket,794.18,212.33,5,0.1
1156,2024-02-20,East,Furniture,Bed,301.3,56.73,4,0.05
1157,2024-01-09,North,Furniture,Chair,1898.82,338.33,4,0.2
1158,2024-02-17,South,Clothing,Jeans,682.0,56.9,1,0.1
1159,2024-10-31,West,Clothing,Shoes,1406.09,140.61,5,0.15
1160,2024-07-12,North,Electronics,Laptop,831.37,99.69,1,0.0
1161,2024-11-14,West,Electronics,Tablet,186.96,31.88,3,0.05
1162,2024-03-11,East,Electronics,Laptop,1824.27,239.31,3,0.1
1163,2024-01-24,East,Clothing,Dress,1591.94,250.95,4,0.2
1164,2024-05-19,North,Clothing,Shoes,861.74,145.08,4,0.0
1165,2024-01-01,West,Electronics,Tablet,541.63,132.51,3,0.15
1166,2024-09-26,North,Clothing,Shoes,1482.64,302.35,1,0.15
1167,2024-01-23,South,Clothing,Dress,1813.89,335.6,3,0.05
1168,2024-06-30,South,Clothing,T-Shirt,666.58,47.66,1,0.0
1169,2024-06-02,West,Electronics,Smartphone,1316.55,337.96,1,0.0
1170,2024-01-06,South,Clothing,Dress,1313.72,142.85,5,0.1
1171,2024-05-07,South,Furniture,Table,860.95,187.95,5,0.2
1172,2024-07-28,West,Furniture,Table,678.39,133.68,4,0.0
1173,2024-08-22,South,Electronics,Smartphone,688.36,190.74,1,0.15
1174,2024-12-31,West,Electronics,Laptop,1587.42,108.35,3,0.05
1175,2024-11-07,South,Furniture,Sofa,1180.82,64.86,4,0.0
1176,2024-02-17,North,Furniture,Sofa,1589.2,375.39,4,0.05
1177,2024-04-16,West,Clothing,Jeans,113.75,29.28,3,0.15
1178,2024-09-03,East,Electronics,Headphones,341.36,61.15,1,0.0
1179,2024-10-31,East,Clothing,T-Shirt,1420.06,107.83,1,0.2
1180,2024-07-21,East,Furniture,Bed,801.08,158.44,5,0.1
1181,2024-05-11,East,Electronics,Tablet,254.78,66.84,1,0.15
1182,2024-09-13,North,Furniture,Sofa,1602.81,140.86,2,0.1
1183,2024-09-11,South,Electronics,Tablet,1362.91,258.78,5,0.2
1184,2024-07-02,North,Clothing,Jeans,1446.26,328.85,3,0.0
1185,2024-03-07,North,Electronics,Headphones,162.14,46.09,2,0.2
1186,2024-06-22,West,Furniture,Table,1945.97,174.55,1,0.0
1187,2024-12-26,West,Electronics,TV,1270.85,159.94,5,0.0
1188,2024-06-11,West,Furniture,Chair,1119.06,133.28,1,0.1
1189,2024-03-26,East,Electronics,Laptop,769.8,101.59,3,0.1
1190,2024-12-11,North,Furniture,Bed,1068.19,129.12,5,0.2
1191,2024-12-30,East,Furniture,Bookshelf,1495.6,359.7,5,0.2
1192,2024-02-03,South,Electronics,Laptop,458.68,24.21,5,0.05
1193,2024-05-04,East,Clothing,Jeans,1553.84,225.98,1,0.1
1194,2024-02-10,East,Electronics,Laptop,1517.87,252.85,1,0.2
1195,2024-02-10,West,Clothing,Shoes,363.09,20.17,4,0.05
1196,2024-04-20,South,Furniture,Bookshelf,58.72,10.92,1,0.15
1197,2024-03-08,South,Furniture,Sofa,1108.17,287.05,4,0.15
1198,2024-11-26,East,Clothing,T-Shirt,1053.58,176.85,5,0.05
1199,2024-04-04,South,Furniture,Table,1215.85,141.82,5,0.15
1200,2024-06-25,West,Electronics,Laptop,1187.31,118.34,3,0.0
1201,2024-10-11,South,Furniture,Table,455.4,39.11,3,0.05
1202,2024-12-13,South,Furniture,Sofa,206.27,44.54,2,0.0
1203,2024-12-15,West,Clothing,Dress,1617.84,264.62,4,0.2
1204,2024-09-09,East,Furniture,Chair,802.92,82.66,2,0.2
1205,2024-03-16,East,Furniture,Bookshelf,717.69,212.29,1,0.15
1206,2024-11-22,North,Clothing,Jacket,1913.1,413.39,1,0.2
1207,2024-03-16,East,Furniture,Table,1284.65,326.62,3,0.1
1208,2024-03-17,South,Electronics,TV,559.28,100.53,1,0.05
1209,2024-11-12,South,Clothing,Jeans,1951.88,150.26,4,0.2
1210,2024-04-02,South,Clothing,Jacket,1202.26,301.35,1,0.05
1211,2024-01-28,East,Electronics,Laptop,1147.1,80.0,5,0.1
1212,2024-11-21,East,Electronics,Headphones,413.24,33.3,2,0.2
1213,2024-05-23,West,Furniture,Chair,648.86,70.35,3,0.15
1214,2024-10-21,East,Furniture,Bookshelf,1908.46,506.4,2,0.2
1215,2024-05-02,West,Clothing,Jacket,1177.17,339.17,4,0.1
1216,2024-08-03,North,Clothing,Jacket,142.61,14.22,1,0.15
1217,2024-05-26,North,Electronics,Tablet,1628.85,241.61,2,0.05
1218,2024-08-02,South,Electronics,Smartphone,841.13,112.47,1,0.2
1219,2024-04-05,South,Clothing,Jacket,1842.05,530.71,4,0.0
1220,2024-07-09,East,Electronics,Laptop,1109.89,327.22,5,0.05
1221,2024-09-17,North,Electronics,Laptop,1461.46,318.65,5,0.05
1222,2024-04-13,West,Clothing,Jacket,440.93,49.67,1,0.05
1223,2024-05-23,West,Clothing,Dress,1865.55,382.76,3,0.1
1224,2024-10-18,East,Electronics,TV,1680.24,229.39,2,0.1
1225,2024-11-28,South,Furniture,Sofa,1692.7,154.53,1,0.0
1226,2024-03-19,South,Clothing,Shoes,1124.97,223.64,1,0.05
1227,2024-05-20,West,Electronics,Smartphone,1701.2,144.79,2,0.0
1228,2024-07-07,North,Clothing,Dress,1697.12,318.1,4,0.0
1229,2024-05-24,West,Electronics,Tablet,278.88,75.15,3,0.05
1230,2024-07-31,North,Electronics,Smartphone,1472.6,366.75,3,0.05
1231,2024-03-05,West,Electronics,Smartphone,871.54,114.9,3,0.1
1232,2024-01-16,South,Clothing,Shoes,1646.0,334.24,5,0.1
1233,2024-02-19,West,Electronics,TV,1607.37,134.67,1,0.15
1234,2024-06-08,West,Furniture,Sofa,105.39,27.53,1,0.2
1235,2024-09-24,West,Clothing,Jeans,1094.44,313.74,1,0.0
1236,2024-07-30,South,Electronics,Smartphone,1177.57,313.87,3,0.1
1237,2024-08-09,North,Electronics,Laptop,237.95,52.68,3,0.1
1238,2024-10-02,South,Electronics,Tablet,1827.77,400.08,3,0.15
1239,2024-11-26,West,Furniture,Sofa,425.1,110.88,1,0.1
1240,2024-01-25,West,Clothing,Dress,846.34,196.93,5,0.15
1241,2024-10-23,South,Clothing,Jacket,997.57,151.63,5,0.15
1242,2024-07-04,North,Electronics,Smartphone,1027.2,252.42,1,0.2
1243,2024-04-27,East,Electronics,Headphones,1718.66,484.8,1,0.2
1244,2024-10-23,North,Clothing,Jeans,643.91,125.75,1,0.2
1245,2024-08-27,West,Clothing,Dress,1560.44,89.44,2,0.0
1246,2024-01-24,West,Furniture,Bookshelf,1878.54,112.66,4,0.0
1247,2024-01-15,South,Furniture,Table,964.05,196.55,2,0.1
1248,2024-09-30,West,Furniture,Sofa,720.28,68.95,1,0.2
1249,2024-10-30,East,Clothing,Jeans,925.8,90.2,2,0.15
1250,2024-05-03,East,Electronics,Headphones,190.63,22.1,1,0.2
1251,2024-05-30,East,Clothing,Jeans,712.45,97.0,3,0.05
1252,2024-12-14,West,Furniture,Sofa,295.65,26.52,3,0.2
1253,2024-08-29,South,Clothing,Jeans,1827.47,533.94,5,0.1
1254,2024-01-31,South,Clothing,Jeans,1396.42,297.64,4,0.05
1255,2024-05-06,West,Electronics,Tablet,498.35,85.58,3,0.15
1256,2024-07-13,West,Electronics,Smartphone,1897.55,164.8,5,0.05
1257,2024-10-21,North,Electronics,Headphones,758.62,47.84,2,0.05
1258,2024-06-02,West,Electronics,Tablet,1850.36,320.71,3,0.0
1259,2024-04-29,East,Furniture,Chair,1452.62,331.47,1,0.0
1260,2024-03-24,West,Furniture,Sofa,1916.96,167.29,4,0.1
1261,2024-08-28,South,Clothing,T-Shirt,1121.32,314.62,2,0.15
1262,2024-01-13,West,Furniture,Bookshelf,527.33,32.29,2,0.15
1263,2024-10-20,North,Electronics,Tablet,57.84,7.04,3,0.2
1264,2024-01-19,North,Clothing,Jeans,317.41,89.91,4,0.05
1265,2024-11-11,West,Furniture,Sofa,842.06,250.14,5,0.2
1266,2024-08-11,South,Clothing,Dress,1104.53,146.52,4,0.0
1267,2024-05-29,North,Electronics,TV,642.99,129.91,2,0.0
1268,2024-07-06,East,Furniture,Sofa,169.23,35.37,4,0.0
1269,2024-10-26,West,Furniture,Chair,1075.78,268.11,1,0.15
1270,2024-01-15,West,Furniture,Chair,138.5,33.22,2,0.2
1271,2024-09-21,West,Clothing,T-Shirt,769.57,131.14,5,0.05
1272,2024-10-15,South,Electronics,TV,540.93,96.62,5,0.0
1273,2024-07-10,North,Furniture,Table,724.92,64.11,5,0.15
1274,2024-10-22,West,Electronics,Tablet,1200.36,186.18,5,0.05
1275,2024-10-20,North,Clothing,Jeans,1301.1,330.87,4,0.0
1276,2024-11-02,West,Furniture,Sofa,902.98,190.91,5,0.05
1277,2024-04-12,South,Furniture,Bookshelf,1995.17,103.12,3,0.2
1278,2024-02-17,North,Clothing,Shoes,821.77,235.09,4,0.2
1279,2024-02-16,West,Clothing,Shoes,191.88,47.87,4,0.1
1280,2024-01-15,South,Furniture,Sofa,1651.7,228.66,5,0.2
1281,2024-06-20,East,Clothing,Dress,964.53,149.14,4,0.2
1282,2024-06-10,North,Clothing,T-Shirt,1885.74,339.56,1,0.0
1283,2024-08-01,East,Clothing,Jacket,1114.62,302.55,1,0.2
1284,2024-11-28,East,Clothing,Jeans,1210.68,227.78,3,0.0
1285,2024-11-02,East,Clothing,T-Shirt,1403.24,392.24,1,0.15
1286,2024-07-17,East,Electronics,Headphones,1688.61,262.46,1,0.1
1287,2024-05-01,South,Clothing,Jacket,1505.29,244.33,5,0.0
1288,2024-08-13,South,Clothing,Shoes,1729.23,438.43,4,0.2
1289,2024-12-10,North,Electronics,Tablet,383.79,63.17,4,0.2
1290,2024-11-11,North,Furniture,Bookshelf,60.19,7.39,3,0.05
1291,2024-01-02,East,Electronics,Smartphone,1949.45,229.26,4,0.2
1292,2024-12-07,North,Clothing,Dress,1519.06,238.6,3,0.15
1293,2024-12-18,West,Clothing,Jeans,1504.42,329.69,2,0.2
1294,2024-01-28,North,Electronics,Smartphone,411.53,102.82,1,0.05
1295,2024-09-11,East,Furniture,Table,1575.13,149.29,3,0.05
1296,2024-06-17,West,Clothing,T-Shirt,1154.27,194.25,5,0.1
1297,2024-06-22,South,Electronics,Smartphone,1302.64,126.99,1,0.0
1298,2024-03-08,South,Clothing,Jeans,1483.58,137.34,5,0.1
1299,2024-06-22,North,Furniture,Table,1858.51,417.32,3,0.1
1300,2024-09-20,South,Electronics,TV,1582.11,142.85,3,0.15
1301,2024-02-20,North,Electronics,Headphones,171.39,35.13,4,0.15
1302,2024-07-10,North,Electronics,Tablet,1515.13,127.9,2,0.05
1303,2024-06-03,South,Furniture,Bookshelf,419.94,106.55,3,0.05
1304,2024-10-13,East,Electronics,Smartphone,1524.16,189.98,5,0.2
1305,2024-07-19,North,Electronics,Laptop,1094.41,191.4,2,0.2
1306,2024-08-02,South,Furniture,Table,725.55,61.77,5,0.05
1307,2024-07-24,West,Electronics,Headphones,1516.42,219.46,2,0.2
1308,2024-10-02,South,Clothing,Dress,1118.44,106.8,3,0.05
1309,2024-05-12,South,Furniture,Bookshelf,1065.77,201.6,5,0.05
1310,2024-03-21,East,Furniture,Table,1215.35,82.12,2,0.0
1311,2024-01-02,North,Furniture,Bed,815.08,216.35,1,0.15
1312,2024-03-23,East,Furniture,Sofa,1979.23,345.41,2,0.05
1313,2024-07-02,North,Clothing,Jacket,811.44,160.12,5,0.0
1314,2024-08-14,South,Clothing,Dress,87.9,23.81,1,0.2
1315,2024-05-26,South,Electronics,TV,1890.21,183.89,3,0.15
1316,2024-06-22,East,Electronics,Headphones,55.28,5.85,2,0.05
1317,2024-04-18,North,Electronics,Headphones,925.64,81.53,4,0.15
1318,2024-09-12,West,Furniture,Chair,726.23,136.88,4,0.15
1319,2024-06-12,East,Electronics,Headphones,1204.43,298.22,3,0.15
1320,2024-07-23,South,Furniture,Sofa,84.35,6.77,1,0.15
1321,2024-01-18,North,Electronics,Smartphone,308.26,22.91,5,0.2
1322,2024-12-09,North,Clothing,Jacket,643.63,71.96,1,0.2
1323,2024-07-14,West,Furniture,Bookshelf,1053.37,99.78,3,0.1
1324,2024-08-11,North,Furniture,Bookshelf,421.04,81.15,2,0.2
1325,2024-10-12,North,Electronics,Headphones,1495.42,172.56,3,0.05
1326,2024-01-31,East,Clothing,T-Shirt,1866.71,193.99,5,0.0
1327,2024-11-13,South,Clothing,Dress,810.22,171.62,4,0.0
1328,2024-05-08,North,Clothing,Jacket,758.85,177.85,4,0.2
1329,2024-03-26,North,Furniture,Chair,970.91,90.88,1,0.1
1330,2024-08-14,West,Electronics,Tablet,1529.11,263.57,2,0.0
1331,2024-10-18,North,Furniture,Table,636.57,133.21,2,0.1
1332,2024-02-02,West,Furniture,Bed,357.47,49.93,1,0.05
1333,2024-04-14,North,Electronics,Headphones,1989.35,204.65,1,0.0
1334,2024-02-25,South,Furniture,Table,303.73,43.11,4,0.05
1335,2024-10-20,West,Electronics,Tablet,96.65,9.1,5,0.15
1336,2024-12-01,East,Electronics,TV,164.0,30.23,4,0.1
1337,2024-11-22,West,Furniture,Table,690.11,133.88,1,0.2
1338,2024-12-14,West,Clothing,Dress,304.13,18.16,1,0.0
1339,2024-11-30,East,Clothing,Jeans,1532.39,264.95,5,0.0
1340,2024-05-30,East,Electronics,TV,1950.42,298.39,4,0.2
1341,2024-10-05,North,Furniture,Bookshelf,867.86,234.24,2,0.1
1342,2024-08-22,North,Clothing,Dress,580.49,100.6,4,0.1
1343,2024-05-06,East,Electronics,Tablet,69.52,5.84,3,0.1
1344,2024-07-19,East,Furniture,Bookshelf,1745.67,413.02,1,0.05
1345,2024-04-21,South,Electronics,Laptop,1965.06,183.51,1,0.2
1346,2024-11-07,South,Furniture,Sofa,147.9,29.82,1,0.15
1347,2024-04-17,South,Clothing,Shoes,271.0,28.9,2,0.0
1348,2024-09-28,South,Furniture,Sofa,1093.8,109.55,4,0.05
1349,2024-06-09,South,Furniture,Chair,237.42,12.93,3,0.15
1350,2024-10-08,North,Electronics,Smartphone,716.79,48.3,5,0.05
1351,2024-03-18,North,Electronics,Smartphone,700.29,75.05,2,0.0
1352,2024-02-09,North,Electronics,Laptop,264.16,52.28,5,0.15
1353,2024-07-06,East,Furniture,Bed,951.2,57.34,1,0.0
1354,2024-04-05,West,Electronics,Tablet,1310.96,75.76,4,0.05
1355,2024-06-06,South,Electronics,TV,1010.33,252.95,5,0.1
1356,2024-01-30,West,Electronics,Smartphone,1094.68,318.58,4,0.2
1357,2024-11-08,East,Clothing,Shoes,1182.0,84.91,5,0.2
1358,2024-10-04,West,Electronics,Tablet,1799.69,350.29,4,0.0
1359,2024-11-04,South,Furniture,Chair,627.56,50.09,1,0.05
1360,2024-09-16,North,Electronics,Headphones,1294.03,336.53,3,0.0
1361,2024-01-10,West,Furniture,Bookshelf,574.76,45.41,4,0.2
1362,2024-10-29,East,Furniture,Sofa,434.37,71.31,4,0.1
1363,2024-01-18,West,Clothing,Dress,161.89,45.41,2,0.2
1364,2024-05-27,South,Electronics,Smartphone,475.07,88.2,1,0.05
1365,2024-12-13,North,Electronics,Headphones,405.93,46.44,2,0.0
1366,2024-07-30,South,Furniture,Table,516.02,87.44,5,0.15
1367,2024-01-01,North,Furniture,Bookshelf,1098.24,273.89,1,0.15
1368,2024-02-18,North,Furniture,Bookshelf,1946.51,384.88,3,0.15
1369,2024-04-24,South,Electronics,Tablet,1596.78,210.18,4,0.05
1370,2024-03-08,North,Electronics,TV,953.14,144.77,1,0.1
1371,2024-03-24,East,Electronics,Smartphone,954.4,134.7,5,0.15
1372,2024-11-23,East,Electronics,TV,77.49,10.2,3,0.0
1373,2024-07-25,North,Furniture,Chair,1532.71,218.34,3,0.0
1374,2024-11-23,East,Electronics,TV,1371.91,393.56,2,0.2
1375,2024-07-23,South,Electronics,Smartphone,192.61,17.11,2,0.05
1376,2024-04-07,North,Furniture,Bookshelf,162.53,42.0,2,0.15
1377,2024-01-02,South,Furniture,Sofa,1861.79,244.14,1,0.05
1378,2024-04-25,South,Clothing,T-Shirt,368.05,60.05,2,0.0
1379,2024-04-11,West,Furniture,Sofa,1127.97,180.13,1,0.05
1380,2024-07-06,West,Furniture,Bookshelf,59.3,4.83,1,0.2
1381,2024-05-29,South,Furniture,Sofa,1035.23,163.73,2,0.0
1382,2024-01-07,East,Clothing,Jeans,1058.06,232.15,2,0.15
1383,2024-04-09,South,Electronics,Laptop,1800.28,303.13,2,0.05
1384,2024-09-19,South,Furniture,Table,842.35,78.76,5,0.2
1385,2024-11-06,South,Electronics,Smartphone,1980.76,210.29,4,0.2
1386,2024-01-26,South,Clothing,Jeans,301.73,79.08,1,0.2
1387,2024-05-15,North,Electronics,Laptop,915.49,199.86,4,0.1
1388,2024-07-12,West,Clothing,Shoes,1082.47,238.38,1,0.05
1389,2024-04-30,East,Electronics,Smartphone,1636.44,280.33,2,0.1
1390,2024-09-06,East,Clothing,Dress,523.84,94.92,1,0.15
1391,2024-10-14,South,Furniture,Sofa,1667.69,111.92,3,0.1
1392,2024-03-16,North,Electronics,Tablet,1066.13,213.25,5,0.1
1393,2024-02-22,South,Furniture,Sofa,684.96,115.23,1,0.1
1394,2024-08-25,North,Electronics,Tablet,867.89,103.15,3,0.0
1395,2024-08-09,South,Clothing,Shoes,1523.2,290.0,2,0.15
1396,2024-04-23,East,Clothing,Dress,450.57,81.7,1,0.2
1397,2024-04-27,North,Clothing,Shoes,1047.64,182.78,2,0.05
1398,2024-05-25,South,Electronics,Tablet,1858.21,510.06,1,0.15
1399,2024-07-15,North,Electronics,Smartphone,1904.43,359.64,2,0.05
1400,2024-05-26,East,Furniture,Table,838.18,141.19,2,0.15
1401,2024-04-30,West,Electronics,Smartphone,808.85,110.27,1,0.05
1402,2024-02-14,East,Clothing,T-Shirt,580.9,92.74,4,0.15
1403,2024-02-16,North,Furniture,Bed,1977.49,461.63,2,0.0
1404,2024-03-02,South,Clothing,Dress,468.09,99.43,5,0.2
1405,2024-04-08,South,Electronics,Laptop,1961.28,385.38,1,0.05
1406,2024-08-27,North,Clothing,Jacket,486.46,29.62,1,0.2
1407,2024-01-06,East,Electronics,Headphones,662.42,100.36,1,0.2
1408,2024-05-11,West,Electronics,Smartphone,1908.88,204.44,1,0.05
1409,2024-07-17,East,Electronics,Smartphone,1818.1,511.68,4,0.2
1410,2024-09-23,South,Furniture,Chair,159.64,42.26,4,0.15
1411,2024-12-19,West,Electronics,Smartphone,299.63,87.15,2,0.0
1412,2024-03-06,East,Furniture,Sofa,1104.48,270.71,5,0.05
1413,2024-03-11,North,Clothing,Jeans,299.17,59.39,3,0.1
1414,2024-03-18,South,Furniture,Sofa,998.64,58.11,2,0.0
1415,2024-09-12,North,Furniture,Bookshelf,1855.34,141.42,3,0.0
1416,2024-02-29,South,Electronics,Tablet,738.34,97.8,5,0.0
1417,2024-06-24,North,Clothing,Dress,1507.61,192.2,3,0.15
1418,2024-04-10,East,Furniture,Bed,52.82,5.68,4,0.1
1419,2024-06-01,East,Electronics,TV,438.87,82.42,5,0.2
1420,2024-10-15,North,Electronics,Smartphone,1342.21,291.1,1,0.0
1421,2024-07-17,West,Electronics,Smartphone,1859.7,446.4,1,0.15
1422,2024-06-22,West,Clothing,Jeans,308.3,34.56,5,0.2
1423,2024-10-08,East,Electronics,Tablet,1908.7,164.86,4,0.1
1424,2024-07-25,North,Clothing,Dress,689.36,72.61,4,0.0
1425,2024-11-14,West,Furniture,Chair,752.86,170.02,5,0.1
1426,2024-11-28,South,Clothing,Dress,251.79,57.8,2,0.0
1427,2024-04-01,East,Electronics,Laptop,590.92,171.95,1,0.15
1428,2024-02-28,East,Clothing,T-Shirt,1738.23,213.32,2,0.2
1429,2024-10-27,South,Furniture,Table,1751.71,232.5,1,0.2
1430,2024-04-14,North,Clothing,Jeans,1109.93,117.39,4,0.1
1431,2024-05-01,South,Furniture,Bookshelf,160.8,10.33,4,0.15
1432,2024-06-01,South,Electronics,Headphones,1172.67,309.06,5,0.15
1433,2024-05-11,East,Clothing,Shoes,1492.46,339.66,4,0.0
1434,2024-02-05,East,Electronics,TV,796.12,216.45,4,0.0
1435,2024-10-20,South,Clothing,Dress,412.23,95.19,1,0.2
1436,2024-10-25,North,Electronics,Headphones,666.88,110.84,4,0.05
1437,2024-11-22,West,Furniture,Chair,341.73,28.53,5,0.0
1438,2024-11-27,North,Furniture,Chair,1199.13,257.33,5,0.15
1439,2024-07-13,East,Furniture,Chair,649.49,42.26,3,0.05
1440,2024-11-30,West,Furniture,Chair,672.5,161.92,4,0.15
1441,2024-05-29,West,Furniture,Bookshelf,1511.51,219.76,1,0.05
1442,2024-04-25,South,Electronics,Headphones,1681.94,243.02,4,0.0
1443,2024-02-10,West,Clothing,T-Shirt,1549.61,116.21,5,0.15
1444,2024-01-19,South,Furniture,Bed,521.48,103.38,3,0.05
1445,2024-02-28,South,Electronics,Headphones,620.88,108.23,2,0.0
1446,2024-06-10,North,Clothing,Dress,1511.7,326.75,3,0.05
1447,2024-08-29,East,Electronics,Tablet,695.19,109.39,1,0.05
1448,2024-09-07,East,Furniture,Bookshelf,1458.01,279.8,1,0.15
1449,2024-06-22,North,Furniture,Sofa,999.39,172.46,2,0.2
1450,2024-05-08,South,Electronics,TV,128.54,17.05,5,0.15
1451,2024-09-12,North,Clothing,Jeans,95.46,5.23,3,0.2
1452,2024-08-31,West,Electronics,TV,1856.94,465.22,5,0.2
1453,2024-11-10,East,Furniture,Chair,53.75,3.28,4,0.15
1454,2024-09-28,North,Clothing,T-Shirt,1019.2,65.0,2,0.2
1455,2024-05-03,South,Furniture,Bookshelf,616.55,163.92,4,0.15
1456,2024-08-28,East,Furniture,Bookshelf,748.91,44.31,2,0.15
1457,2024-09-10,East,Electronics,Laptop,896.58,91.79,2,0.1
1458,2024-02-04,South,Clothing,Jacket,1395.12,386.46,2,0.15
1459,2024-06-04,East,Furniture,Chair,1733.77,303.18,4,0.2
1460,2024-05-03,North,Clothing,Jeans,212.41,54.31,1,0.15
1461,2024-07-08,South,Clothing,Shoes,482.62,138.79,5,0.2
1462,2024-08-14,South,Furniture,Bookshelf,1570.04,124.31,4,0.1
1463,2024-10-10,East,Furniture,Sofa,1522.67,284.62,1,0.15
1464,2024-04-13,South,Electronics,Headphones,95.84,12.5,2,0.15
1465,2024-02-22,South,Electronics,Tablet,968.75,252.8,3,0.15
1466,2024-12-27,West,Furniture,Chair,623.91,89.12,5,0.1
1467,2024-07-12,West,Electronics,Laptop,1074.33,262.11,2,0.0
1468,2024-06-12,South,Electronics,Laptop,1651.66,224.55,4,0.1
1469,2024-08-10,West,Electronics,TV,1449.91,168.19,5,0.1
1470,2024-04-30,East,Furniture,Sofa,1448.52,232.51,3,0.15
1471,2024-09-07,West,Furniture,Bookshelf,346.52,43.19,4,0.1
1472,2024-10-10,East,Clothing,Shoes,422.99,48.74,4,0.2
1473,2024-01-09,North,Clothing,Dress,571.79,99.71,3,0.0
1474,2024-07-21,South,Furniture,Table,1338.37,226.59,5,0.05
1475,2024-09-13,West,Electronics,Headphones,727.24,164.69,1,0.2
1476,2024-05-06,East,Electronics,Laptop,710.83,112.39,5,0.2
1477,2024-04-10,East,Clothing,T-Shirt,1595.29,320.89,2,0.0
1478,2024-03-27,South,Electronics,TV,1326.17,324.4,5,0.2
1479,2024-07-08,West,Electronics,Tablet,729.97,152.51,3,0.2
1480,2024-05-17,South,Furniture,Sofa,879.16,169.6,2,0.1
1481,2024-05-25,South,Furniture,Bookshelf,1285.14,212.78,4,0.2
1482,2024-09-18,North,Electronics,TV,1362.86,69.89,3,0.2
1483,2024-09-30,North,Electronics,Headphones,1613.0,440.01,2,0.1
1484,2024-01-18,North,Electronics,Laptop,352.57,83.58,3,0.2
1485,2024-03-25,North,Furniture,Bed,957.03,105.48,1,0.2
1486,2024-10-04,South,Electronics,Smartphone,1926.83,348.35,5,0.0
1487,2024-10-02,South,Furniture,Chair,202.98,32.1,3,0.1
1488,2024-03-24,West,Furniture,Bookshelf,1510.77,361.12,4,0.1
1489,2024-10-04,West,Clothing,Jacket,1179.64,252.66,5,0.1
1490,2024-08-19,East,Furniture,Sofa,559.21,57.65,1,0.15
1491,2024-12-29,East,Furniture,Bookshelf,598.97,169.13,5,0.1
1492,2024-04-14,West,Electronics,Tablet,757.18,185.89,4,0.05
1493,2024-08-09,East,Electronics,Headphones,1877.5,459.21,4,0.1
1494,2024-11-17,North,Clothing,Jacket,1062.49,272.73,3,0.15
1495,2024-11-11,West,Furniture,Table,1991.23,337.06,3,0.2
1496,2024-04-26,West,Clothing,T-Shirt,574.44,117.1,2,0.0
1497,2024-10-02,North,Electronics,Tablet,1898.68,374.77,3,0.0
1498,2024-08-09,South,Furniture,Chair,1373.75,397.32,4,0.05
1499,2024-05-02,South,Clothing,Jacket,97.46,16.51,2,0.2
1500,2024-08-20,West,Clothing,Jeans,315.8,89.9,5,0.0
1501,2024-12-18,East,Furniture,Table,799.36,118.38,3,0.1
1502,2024-03-11,East,Furniture,Bed,894.09,76.7,4,0.1
1503,2024-01-06,North,Electronics,Smartphone,515.83,99.8,5,0.1
1504,2024-08-05,South,Furniture,Bed,692.33,116.55,1,0.2
1505,2024-06-06,North,Clothing,Shoes,1776.82,398.7,2,0.2
1506,2024-09-04,West,Clothing,T-Shirt,1373.68,182.96,2,0.2
1507,2024-02-27,North,Clothing,Dress,1889.95,423.71,4,0.2
1508,2024-01-10,East,Clothing,Jacket,1895.37,227.19,1,0.05
1509,2024-04-24,South,Furniture,Sofa,958.29,94.93,4,0.1
1510,2024-12-30,North,Furniture,Table,402.3,78.65,4,0.1
1511,2024-03-07,North,Clothing,Jacket,1535.52,196.53,5,0.05
1512,2024-09-12,South,Electronics,TV,1736.33,401.82,4,0.0
1513,2024-01-27,West,Furniture,Table,1934.06,116.5,3,0.15
1514,2024-10-20,West,Furniture,Table,807.11,237.31,4,0.0
1515,2024-10-27,South,Electronics,Smartphone,1690.03,492.87,1,0.2
1516,2024-08-19,North,Furniture,Table,694.25,167.39,3,0.1
1517,2024-04-04,East,Furniture,Table,1437.64,244.57,2,0.1
1518,2024-10-02,North,Clothing,T-Shirt,1834.76,306.52,4,0.15
1519,2024-07-29,West,Clothing,Shoes,1474.59,436.62,5,0.1
1520,2024-07-07,South,Electronics,Smartphone,1462.68,337.27,5,0.1
1521,2024-12-22,East,Furniture,Sofa,737.5,120.85,4,0.2
1522,2024-02-01,East,Furniture,Sofa,281.64,66.29,5,0.1
1523,2024-05-16,North,Furniture,Bookshelf,1764.65,195.58,3,0.2
1524,2024-08-28,North,Clothing,Shoes,1400.77,107.06,4,0.1
1525,2024-01-22,South,Electronics,Headphones,1175.65,166.64,2,0.05
1526,2024-10-30,East,Furniture,Bookshelf,1997.14,124.08,1,0.15
1527,2024-11-04,South,Furniture,Bed,1155.39,141.66,3,0.05
1528,2024-01-07,South,Electronics,TV,1776.38,132.38,4,0.2
1529,2024-10-05,North,Clothing,Jacket,1689.28,188.6,5,0.2
1530,2024-10-22,East,Clothing,T-Shirt,1661.72,468.34,4,0.15
1531,2024-01-31,North,Clothing,Shoes,788.72,91.69,3,0.0
1532,2024-11-17,East,Clothing,T-Shirt,1404.0,297.83,4,0.05
1533,2024-08-27,West,Furniture,Bed,790.51,189.56,3,0.15
1534,2024-07-29,North,Electronics,TV,1084.92,273.11,4,0.1
1535,2024-11-25,East,Electronics,Tablet,1917.28,161.64,5,0.15
1536,2024-04-25,North,Clothing,Jeans,1473.89,415.49,1,0.05
1537,2024-10-26,East,Furniture,Bed,460.73,133.69,1,0.0
1538,2024-03-07,East,Electronics,Laptop,1282.09,166.86,3,0.15
1539,2024-12-08,South,Electronics,Smartphone,163.28,12.74,4,0.2
1540,2024-10-05,North,Electronics,Laptop,440.27,122.01,2,0.15
1541,2024-01-22,West,Electronics,Headphones,355.93,79.96,1,0.1
1542,2024-03-05,North,Electronics,Tablet,120.1,17.25,1,0.15
1543,2024-06-29,South,Electronics,TV,1530.1,386.87,2,0.2
1544,2024-07-09,East,Electronics,Tablet,131.04,10.17,5,0.2
1545,2024-01-19,West,Furniture,Chair,1433.5,187.75,1,0.15
1546,2024-01-12,East,Clothing,Dress,389.14,89.52,4,0.15
1547,2024-03-15,North,Furniture,Sofa,1421.64,421.44,5,0.0
1548,2024-08-03,East,Furniture,Bookshelf,225.47,37.45,5,0.0
1549,2024-04-17,East,Clothing,Jeans,602.25,134.72,3,0.15
1550,2024-09-21,South,Clothing,Shoes,367.8,80.02,1,0.0
1551,2024-12-17,North,Electronics,Headphones,603.07,94.99,4,0.05
1552,2024-10-18,South,Electronics,TV,1343.8,316.38,3,0.15
1553,2024-09-08,North,Clothing,Dress,1827.83,408.75,2,0.2
1554,2024-10-17,South,Furniture,Chair,1651.28,178.69,3,0.1
1555,2024-01-29,East,Clothing,Shoes,632.66,65.9,3,0.05
1556,2024-11-23,South,Clothing,T-Shirt,1579.67,408.81,3,0.05
1557,2024-02-18,North,Clothing,Jacket,464.13,44.77,5,0.2
1558,2024-04-22,West,Clothing,Shoes,379.42,81.56,4,0.0
1559,2024-06-01,North,Furniture,Chair,1446.68,119.23,5,0.15
1560,2024-08-15,North,Furniture,Bed,1941.76,543.33,2,0.05
1561,2024-04-25,East,Clothing,Dress,803.83,149.71,4,0.2
1562,2024-12-17,North,Electronics,Smartphone,275.17,46.11,2,0.2
1563,2024-06-08,East,Clothing,Jacket,603.04,66.87,2,0.2
1564,2024-08-29,South,Clothing,T-Shirt,442.35,118.05,1,0.2
1565,2024-03-04,North,Clothing,T-Shirt,740.67,154.08,1,0.15
1566,2024-05-13,South,Furniture,Chair,752.93,90.52,1,0.1
1567,2024-08-23,East,Furniture,Table,256.51,37.58,1,0.1
1568,2024-08-28,East,Clothing,Jeans,1040.71,126.0,1,0.05
1569,2024-12-22,South,Furniture,Bed,59.75,3.13,3,0.05
1570,2024-05-31,East,Furniture,Chair,1240.71,189.26,4,0.0
1571,2024-04-12,North,Furniture,Bed,1118.77,117.76,4,0.05
1572,2024-12-16,South,Clothing,T-Shirt,1006.93,187.86,5,0.15
1573,2024-02-02,East,Electronics,Smartphone,591.58,108.53,4,0.1
1574,2024-03-10,North,Clothing,Jeans,655.54,43.91,4,0.15
1575,2024-02-03,South,Electronics,Headphones,644.76,37.93,4,0.0
1576,2024-10-11,South,Clothing,Shoes,1070.14,302.16,4,0.1
1577,2024-09-20,North,Clothing,Jeans,1562.04,221.4,3,0.1
1578,2024-08-14,West,Clothing,T-Shirt,205.66,15.13,5,0.1
1579,2024-01-15,East,Furniture,Table,743.73,218.56,1,0.2
1580,2024-05-18,East,Clothing,T-Shirt,1084.93,188.87,3,0.2
1581,2024-04-15,North,Electronics,Headphones,1791.23,453.02,5,0.0
1582,2024-10-08,East,Furniture,Bookshelf,931.04,222.13,5,0.05
1583,2024-01-17,South,Electronics,Tablet,772.38,95.4,2,0.05
1584,2024-07-05,West,Furniture,Table,1955.52,221.32,3,0.1
1585,2024-04-02,South,Electronics,Laptop,1071.09,157.23,3,0.1
1586,2024-09-19,South,Furniture,Bookshelf,422.32,74.06,1,0.1
1587,2024-01-27,South,Clothing,Jeans,1582.18,261.14,1,0.15
1588,2024-09-01,East,Electronics,Tablet,1445.02,258.51,1,0.15
1589,2024-10-12,South,Clothing,T-Shirt,1571.17,380.22,2,0.2
1590,2024-09-09,North,Electronics,TV,1485.08,147.68,2,0.15
1591,2024-12-03,North,Clothing,Jacket,859.11,246.18,1,0.15
1592,2024-12-20,East,Electronics,Tablet,1752.04,271.8,3,0.2
1593,2024-09-09,North,Furniture,Bed,1445.77,141.8,4,0.2
1594,2024-10-02,South,Furniture,Table,1569.92,439.26,2,0.2
1595,2024-12-14,East,Electronics,Tablet,1083.8,226.25,2,0.15
1596,2024-06-01,South,Furniture,Bookshelf,425.1,86.95,5,0.1
1597,2024-09-18,West,Furniture,Bookshelf,164.49,27.64,5,0.0
1598,2024-09-10,West,Clothing,T-Shirt,1674.55,496.01,4,0.15
1599,2024-10-14,North,Clothing,Jacket,550.43,30.59,4,0.1
1600,2024-02-26,East,Furniture,Sofa,345.19,48.07,3,0.15
1601,2024-08-05,East,Clothing,Jeans,868.31,75.93,2,0.1
1602,2024-05-20,South,Furniture,Sofa,112.22,6.64,5,0.0
1603,2024-05-27,West,Furniture,Sofa,293.89,57.78,5,0.0
1604,2024-11-08,West,Clothing,Dress,1610.66,462.54,1,0.15
1605,2024-11-13,North,Clothing,Jacket,1803.48,390.5,5,0.1
1606,2024-12-17,East,Clothing,Jeans,444.52,71.73,4,0.15
1607,2024-03-23,East,Furniture,Sofa,401.64,41.97,1,0.05
1608,2024-05-29,South,Clothing,Jeans,959.61,161.14,3,0.2
1609,2024-08-04,South,Electronics,Headphones,1425.91,106.92,3,0.0
1610,2024-01-05,East,Furniture,Table,942.12,86.7,4,0.0
1611,2024-06-11,East,Furniture,Table,1572.82,99.68,4,0.1
1612,2024-06-14,East,Furniture,Bed,1360.89,198.44,2,0.1
1613,2024-01-15,East,Furniture,Table,593.48,162.4,4,0.2
1614,2024-12-20,North,Clothing,T-Shirt,902.54,222.16,1,0.0
1615,2024-01-01,East,Furniture,Sofa,1875.4,370.64,3,0.2
1616,2024-12-14,West,Electronics,Headphones,839.68,137.06,4,0.1
1617,2024-03-05,North,Furniture,Bed,1395.63,217.79,5,0.15
1618,2024-10-04,East,Electronics,TV,1023.82,166.22,2,0.15
1619,2024-06-11,East,Electronics,Tablet,118.88,26.99,5,0.0
1620,2024-08-19,South,Furniture,Table,1545.23,315.91,3,0.0
1621,2024-08-16,East,Furniture,Table,1220.49,276.72,3,0.1
1622,2024-09-12,North,Clothing,T-Shirt,1701.25,245.53,3,0.15
1623,2024-07-03,North,Electronics,Laptop,1319.06,375.06,4,0.05
1624,2024-10-16,North,Clothing,Dress,1756.85,105.39,1,0.1
1625,2024-08-19,West,Furniture,Sofa,1928.53,267.61,4,0.05
1626,2024-12-12,South,Furniture,Bookshelf,1147.8,158.34,2,0.1
1627,2024-04-13,South,Furniture,Chair,1368.53,106.81,1,0.15
1628,2024-09-24,North,Furniture,Bed,242.42,21.18,1,0.2
1629,2024-05-31,East,Electronics,Smartphone,1894.35,466.63,5,0.0
1630,2024-03-07,East,Furniture,Bookshelf,468.94,105.47,3,0.15
1631,2024-09-16,West,Clothing,T-Shirt,1584.32,398.78,3,0.1
1632,2024-08-29,South,Furniture,Bookshelf,891.45,115.62,5,0.2
1633,2024-12-18,East,Clothing,T-Shirt,1539.22,415.26,4,0.2
1634,2024-12-13,East,Clothing,Jeans,301.91,84.74,1,0.15
1635,2024-09-20,West,Clothing,Dress,1642.66,265.73,3,0.05
1636,2024-09-22,East,Electronics,Smartphone,439.52,53.82,3,0.05
1637,2024-10-03,West,Electronics,Laptop,326.95,26.66,5,0.1
1638,2024-03-20,North,Clothing,Jeans,1280.83,317.39,3,0.15
1639,2024-04-10,West,Electronics,Tablet,1346.81,179.74,3,0.05
1640,2024-08-23,North,Clothing,Jacket,737.54,111.11,4,0.15
1641,2024-08-19,West,Electronics,Laptop,1488.89,347.09,4,0.15
1642,2024-08-30,West,Electronics,Tablet,909.28,255.01,1,0.15
1643,2024-12-19,West,Clothing,Shoes,1820.3,401.77,4,0.05
1644,2024-09-24,East,Furniture,Table,1120.87,57.0,3,0.05
1645,2024-02-11,East,Clothing,Jacket,221.73,54.54,4,0.05
1646,2024-06-12,North,Electronics,TV,1229.16,368.13,1,0.0
1647,2024-10-27,South,Electronics,Headphones,1684.56,420.66,5,0.1
1648,2024-05-18,North,Furniture,Bed,901.34,118.09,1,0.1
1649,2024-01-02,North,Electronics,TV,505.4,143.77,2,0.1
1650,2024-12-16,East,Electronics,Laptop,405.87,56.23,2,0.0
1651,2024-07-30,North,Furniture,Bookshelf,1081.49,218.32,5,0.0
1652,2024-06-03,North,Furniture,Bookshelf,1490.17,387.07,3,0.05
1653,2024-07-15,West,Clothing,Dress,372.01,109.61,5,0.05
1654,2024-09-27,West,Furniture,Table,271.07,19.6,4,0.2
1655,2024-03-19,North,Clothing,T-Shirt,702.19,61.56,3,0.15
1656,2024-10-26,South,Electronics,Headphones,1441.0,276.5,2,0.15
1657,2024-11-24,East,Electronics,TV,898.72,140.07,3,0.1
1658,2024-04-19,North,Electronics,Headphones,167.84,14.54,1,0.0
1659,2024-09-25,East,Furniture,Chair,1989.56,349.58,2,0.05
1660,2024-12-19,East,Clothing,Jacket,158.3,22.99,2,0.0
1661,2024-08-14,East,Electronics,Headphones,520.67,100.38,2,0.2
1662,2024-04-12,North,Furniture,Bed,617.23,149.28,3,0.0
1663,2024-11-18,North,Electronics,Laptop,1532.65,181.82,1,0.2
1664,2024-05-05,West,Electronics,Smartphone,1613.7,87.2,5,0.1
1665,2024-09-16,East,Electronics,Smartphone,1761.92,451.14,1,0.2
1666,2024-07-24,East,Furniture,Chair,1270.8,375.88,1,0.0
1667,2024-06-10,East,Clothing,Jacket,1964.93,391.1,3,0.0
1668,2024-12-05,North,Furniture,Sofa,1104.88,200.44,2,0.1
1669,2024-10-06,East,Clothing,Dress,1535.37,171.52,3,0.15
1670,2024-09-06,North,Clothing,Dress,633.81,108.41,3,0.2
1671,2024-09-16,North,Clothing,Dress,498.86,122.4,2,0.15
1672,2024-02-05,North,Electronics,Smartphone,331.38,96.78,2,0.05
1673,2024-04-26,South,Clothing,Dress,1074.55,154.46,4,0.1
1674,2024-03-21,North,Furniture,Bookshelf,511.82,25.88,1,0.0
1675,2024-01-01,North,Electronics,Tablet,1399.74,273.97,2,0.1
1676,2024-08-31,North,Electronics,Laptop,776.12,74.12,1,0.05
1677,2024-08-05,North,Electronics,Headphones,1736.38,92.09,4,0.2
1678,2024-02-25,South,Furniture,Table,1986.69,186.49,2,0.1
1679,2024-01-21,North,Electronics,Smartphone,712.64,193.78,3,0.2
1680,2024-04-25,North,Furniture,Chair,1014.41,253.57,3,0.1
1681,2024-04-22,North,Clothing,T-Shirt,1900.45,452.52,1,0.1
1682,2024-06-05,East,Electronics,TV,293.85,28.14,4,0.1
1683,2024-02-29,East,Clothing,Shoes,1833.15,229.31,5,0.2
1684,2024-05-11,West,Furniture,Table,89.42,9.29,3,0.2
1685,2024-08-02,West,Clothing,Shoes,1102.84,64.08,3,0.0
1686,2024-02-16,West,Electronics,TV,699.41,95.75,4,0.05
1687,2024-11-21,West,Furniture,Chair,61.96,14.37,1,0.2
1688,2024-08-24,East,Clothing,Jacket,853.12,125.12,2,0.2
1689,2024-03-24,South,Clothing,T-Shirt,132.3,38.39,5,0.2
1690,2024-05-01,East,Clothing,Jeans,314.11,35.53,4,0.15
1691,2024-08-21,South,Furniture,Bed,1444.65,251.45,4,0.2
1692,2024-11-18,East,Electronics,Laptop,695.19,145.0,4,0.05
1693,2024-12-13,North,Electronics,TV,658.33,136.6,4,0.15
1694,2024-03-28,West,Clothing,Jacket,739.04,64.9,3,0.0
1695,2024-09-17,North,Furniture,Chair,337.99,54.27,1,0.2
1696,2024-09-16,West,Furniture,Table,1206.58,137.36,1,0.05
1697,2024-05-29,West,Clothing,Jeans,649.82,176.63,4,0.2
1698,2024-11-23,West,Furniture,Bookshelf,1804.42,207.57,4,0.15
1699,2024-09-11,South,Furniture,Bed,1233.1,342.31,5,0.2
1700,2024-09-25,West,Furniture,Chair,1845.19,498.33,5,0.15
1701,2024-08-12,West,Clothing,Dress,1178.77,292.36,4,0.2
1702,2024-10-24,North,Electronics,Tablet,1682.69,127.02,3,0.1
1703,2024-11-26,West,Furniture,Bed,1244.54,152.67,4,0.15
1704,2024-07-27,West,Electronics,Laptop,1670.32,438.61,2,0.2
1705,2024-02-15,South,Furniture,Bed,644.85,166.87,4,0.15
1706,2024-10-24,North,Furniture,Sofa,1667.46,374.01,5,0.2
1707,2024-10-28,North,Furniture,Table,1976.55,282.61,2,0.05
1708,2024-06-30,North,Clothing,Shoes,1806.98,316.74,2,0.1
1709,2024-10-05,West,Electronics,Headphones,1834.83,156.06,4,0.05
1710,2024-01-11,North,Clothing,Dress,468.17,101.74,5,0.15
1711,2024-07-31,South,Furniture,Table,1379.71,161.39,4,0.2
1712,2024-02-09,West,Electronics,Smartphone,1190.57,233.46,1,0.0
1713,2024-03-03,North,Clothing,T-Shirt,362.03,84.82,2,0.1
1714,2024-03-02,South,Clothing,Jeans,423.15,56.01,1,0.15
1715,2024-02-27,West,Electronics,TV,1262.53,266.4,3,0.0
1716,2024-05-26,South,Furniture,Chair,1739.03,473.15,5,0.0
1717,2024-04-11,North,Clothing,Shoes,207.12,11.47,1,0.05
1718,2024-12-26,South,Furniture,Bookshelf,649.88,170.86,5,0.2
1719,2024-05-17,West,Furniture,Chair,1728.32,363.46,1,0.05
1720,2024-01-10,North,Electronics,Laptop,410.89,105.35,1,0.05
1721,2024-09-18,South,Furniture,Chair,1080.22,321.16,1,0.1
1722,2024-12-31,East,Electronics,Laptop,1247.77,268.64,5,0.15
1723,2024-05-21,West,Furniture,Table,157.79,31.59,5,0.15
1724,2024-10-01,East,Electronics,TV,335.19,83.72,3,0.0
1725,2024-02-26,South,Furniture,Chair,1711.69,373.31,4,0.05
1726,2024-10-17,South,Electronics,Smartphone,997.63,164.38,4,0.1
1727,2024-06-30,West,Furniture,Chair,544.61,156.51,2,0.15
1728,2024-06-18,South,Clothing,Jacket,258.44,41.17,1,0.05
1729,2024-07-07,South,Furniture,Sofa,501.69,59.69,4,0.1
1730,2024-05-20,South,Electronics,Tablet,1820.92,209.73,1,0.2
1731,2024-01-26,South,Clothing,Shoes,236.34,52.87,1,0.15
1732,2024-04-04,North,Furniture,Bed,966.13,184.21,5,0.1
1733,2024-04-03,West,Clothing,Shoes,1364.25,342.6,5,0.0
1734,2024-06-06,South,Clothing,Shoes,1034.75,160.11,1,0.0
1735,2024-09-18,North,Furniture,Bookshelf,1269.87,222.6,2,0.15
1736,2024-12-06,West,Clothing,T-Shirt,1677.87,272.41,4,0.15
1737,2024-09-12,West,Furniture,Chair,624.39,38.46,1,0.2
1738,2024-04-13,North,Furniture,Table,745.03,97.77,2,0.05
1739,2024-11-18,East,Electronics,Headphones,1470.49,142.94,5,0.15
1740,2024-10-09,North,Clothing,Dress,92.16,22.75,4,0.2
1741,2024-03-16,East,Furniture,Chair,375.76,78.02,2,0.2
1742,2024-10-23,East,Electronics,Tablet,957.94,92.33,2,0.0
1743,2024-11-26,East,Electronics,Headphones,698.71,122.1,2,0.0
1744,2024-12-11,East,Clothing,Dress,1308.63,167.03,1,0.0
1745,2024-01-06,South,Furniture,Sofa,1194.86,166.24,2,0.0
1746,2024-01-30,East,Furniture,Sofa,1063.61,237.63,1,0.2
1747,2024-04-01,East,Furniture,Bookshelf,251.97,38.37,4,0.0
1748,2024-06-13,West,Electronics,Smartphone,312.4,71.99,1,0.15
1749,2024-07-24,North,Furniture,Sofa,454.96,130.41,3,0.2
1750,2024-01-29,East,Electronics,Headphones,465.29,132.29,4,0.05
1751,2024-01-28,North,Electronics,TV,1680.1,448.64,1,0.2
1752,2024-05-13,North,Clothing,T-Shirt,342.77,98.09,2,0.15
1753,2024-03-11,South,Clothing,Shoes,1040.28,165.87,3,0.1
1754,2024-11-14,West,Furniture,Bed,1072.4,302.67,3,0.1
1755,2024-07-02,South,Furniture,Table,1112.91,322.96,2,0.0
1756,2024-04-12,West,Furniture,Bed,412.85,95.67,3,0.1
1757,2024-08-26,East,Furniture,Bed,543.51,143.33,4,0.05
1758,2024-03-09,West,Furniture,Bookshelf,416.12,107.86,1,0.0
1759,2024-06-16,South,Electronics,Laptop,597.26,150.29,1,0.1
1760,2024-12-12,North,Clothing,T-Shirt,286.09,69.11,3,0.2
1761,2024-11-07,East,Furniture,Bed,125.95,13.83,5,0.2
1762,2024-02-21,South,Furniture,Sofa,1492.48,440.94,5,0.0
1763,2024-03-02,East,Clothing,Jacket,1179.1,185.91,5,0.15
1764,2024-10-10,North,Furniture,Bookshelf,1632.78,481.84,2,0.15
1765,2024-03-27,South,Clothing,Shoes,1999.09,165.67,1,0.05
1766,2024-09-07,South,Electronics,Tablet,889.32,67.68,4,0.1
1767,2024-01-15,North,Electronics,Tablet,867.75,93.88,1,0.05
1768,2024-02-07,North,Electronics,TV,182.44,34.85,3,0.1
1769,2024-05-04,North,Electronics,TV,1224.38,123.02,1,0.05
1770,2024-01-27,West,Furniture,Sofa,1064.92,86.91,2,0.0
1771,2024-01-23,East,Furniture,Sofa,313.46,64.54,1,0.15
1772,2024-01-24,South,Electronics,Laptop,1938.66,377.45,3,0.0
1773,2024-05-03,East,Clothing,Shoes,306.62,76.16,1,0.05
1774,2024-12-07,North,Furniture,Sofa,1004.15,181.78,1,0.0
1775,2024-07-01,North,Furniture,Table,1315.11,246.38,3,0.1
1776,2024-10-20,North,Furniture,Bed,511.92,57.63,4,0.0
1777,2024-11-11,North,Furniture,Bookshelf,501.3,110.45,4,0.1
1778,2024-09-20,West,Furniture,Chair,1418.62,247.51,1,0.2
1779,2024-01-09,South,Electronics,TV,803.05,81.22,3,0.05
1780,2024-04-12,East,Clothing,Jacket,1820.68,466.88,3,0.1
1781,2024-03-07,North,Clothing,Jacket,897.96,117.14,4,0.2
1782,2024-05-16,South,Electronics,Tablet,1555.74,290.23,3,0.05
1783,2024-04-16,East,Electronics,Smartphone,1979.47,588.16,1,0.15
1784,2024-09-05,North,Electronics,Tablet,344.28,45.86,1,0.05
1785,2024-04-20,East,Clothing,Jacket,454.98,37.36,1,0.15
1786,2024-09-01,North,Clothing,Jacket,1729.83,140.81,5,0.05
1787,2024-01-23,South,Clothing,Jeans,617.25,35.93,2,0.05
1788,2024-02-11,North,Clothing,Dress,1866.89,309.56,3,0.2
1789,2024-11-27,South,Electronics,Laptop,1718.78,488.32,3,0.15
1790,2024-10-02,North,Clothing,Jeans,69.1,17.39,5,0.05
1791,2024-12-09,East,Clothing,Jeans,928.7,216.31,3,0.1
1792,2024-09-10,North,Clothing,Jacket,1851.69,357.93,2,0.15
1793,2024-07-09,West,Electronics,Tablet,120.06,17.97,5,0.2
1794,2024-01-18,West,Electronics,TV,128.09,20.18,5,0.15
1795,2024-08-14,North,Electronics,Headphones,121.8,15.03,4,0.05
1796,2024-03-08,West,Electronics,Laptop,1705.46,303.26,3,0.1
1797,2024-06-21,South,Electronics,Tablet,650.55,88.99,5,0.15
1798,2024-09-03,East,Clothing,Shoes,1255.77,296.17,1,0.2
1799,2024-12-02,West,Electronics,Laptop,54.29,4.08,1,0.2
1800,2024-04-21,East,Electronics,Laptop,953.35,283.55,4,0.05
1801,2024-04-12,East,Furniture,Sofa,1448.77,324.96,5,0.05
1802,2024-01-14,North,Electronics,Laptop,1353.65,88.9,4,0.2
1803,2024-10-16,East,Clothing,Dress,293.25,66.6,4,0.15
1804,2024-02-09,South,Furniture,Table,1882.94,241.34,5,0.0
1805,2024-09-17,South,Clothing,Dress,449.9,63.8,3,0.0
1806,2024-02-11,East,Electronics,Smartphone,308.62,25.36,1,0.0
1807,2024-03-19,South,Clothing,T-Shirt,366.35,92.27,5,0.15
1808,2024-08-21,West,Electronics,Laptop,1149.79,163.55,1,0.1
1809,2024-03-30,South,Furniture,Chair,994.61,121.21,4,0.05
1810,2024-04-11,East,Clothing,Shoes,1383.76,112.19,1,0.0
1811,2024-04-09,South,Furniture,Sofa,1601.9,419.46,2,0.0
1812,2024-11-29,South,Electronics,Laptop,213.03,61.38,1,0.1
1813,2024-12-20,West,Electronics,Headphones,496.3,78.38,3,0.15
1814,2024-08-29,South,Clothing,Jeans,1516.85,173.38,1,0.1
1815,2024-06-28,East,Clothing,Shoes,89.67,15.49,2,0.05
1816,2024-05-09,North,Clothing,Dress,616.39,184.75,2,0.0
1817,2024-08-10,West,Furniture,Chair,238.48,51.83,4,0.15
1818,2024-10-22,South,Electronics,Laptop,1765.93,260.71,3,0.15
1819,2024-10-13,East,Clothing,Dress,1834.38,212.72,2,0.2
1820,2024-01-21,North,Furniture,Table,767.57,120.23,3,0.05
1821,2024-07-12,North,Furniture,Bookshelf,122.42,11.33,1,0.2
1822,2024-01-20,North,Electronics,Smartphone,1297.14,386.67,4,0.2
1823,2024-02-15,West,Electronics,Headphones,378.74,42.73,5,0.2
1824,2024-09-27,West,Furniture,Table,1662.08,102.01,2,0.0
1825,2024-05-29,North,Furniture,Sofa,89.69,24.8,4,0.05
1826,2024-06-29,East,Furniture,Sofa,1890.16,130.92,1,0.2
1827,2024-05-06,East,Clothing,Shoes,94.85,6.29,2,0.15
1828,2024-09-21,South,Electronics,TV,367.08,45.57,1,0.05
1829,2024-11-24,North,Electronics,TV,671.24,131.39,3,0.05
1830,2024-07-15,East,Furniture,Bed,1358.1,74.22,2,0.15
1831,2024-02-29,South,Electronics,Smartphone,1826.58,467.45,5,0.05
1832,2024-02-28,North,Electronics,Smartphone,1763.92,352.84,2,0.1
1833,2024-07-24,North,Electronics,TV,147.51,17.13,2,0.05
1834,2024-09-03,South,Electronics,Tablet,251.3,43.73,4,0.2
1835,2024-05-16,South,Electronics,Tablet,640.02,164.21,2,0.2
1836,2024-10-22,East,Furniture,Bookshelf,650.67,178.9,5,0.05
1837,2024-03-06,North,Furniture,Bed,228.27,28.96,2,0.1
1838,2024-09-18,East,Furniture,Table,1099.1,189.74,4,0.05
1839,2024-12-23,East,Furniture,Sofa,1790.65,89.77,1,0.05
1840,2024-08-10,South,Electronics,Laptop,1451.94,72.85,2,0.2
1841,2024-11-29,North,Clothing,Shoes,903.45,180.09,1,0.2
1842,2024-01-16,West,Clothing,T-Shirt,1638.55,427.01,3,0.2
1843,2024-04-24,East,Electronics,Headphones,266.73,65.22,5,0.0
1844,2024-10-13,North,Clothing,Jeans,1786.41,394.02,4,0.1
1845,2024-08-12,West,Furniture,Chair,1296.59,328.09,3,0.05
1846,2024-06-27,East,Furniture,Table,1943.32,288.94,4,0.2
1847,2024-09-02,West,Electronics,Smartphone,1402.05,183.24,3,0.1
1848,2024-02-03,East,Furniture,Bookshelf,1173.57,226.16,3,0.0
1849,2024-04-04,North,Clothing,T-Shirt,929.1,58.9,2,0.0
1850,2024-04-27,East,Furniture,Table,1609.36,305.46,4,0.15
1851,2024-10-03,West,Clothing,Shoes,73.16,13.16,2,0.05
1852,2024-11-11,West,Furniture,Bed,905.15,78.42,4,0.2
1853,2024-07-07,South,Clothing,Dress,1327.38,92.42,2,0.2
1854,2024-10-27,North,Electronics,Smartphone,1332.91,75.35,4,0.1
1855,2024-06-22,East,Clothing,Jeans,1477.74,279.51,3,0.05
1856,2024-01-05,West,Clothing,Dress,393.77,26.29,1,0.15
1857,2024-10-13,East,Furniture,Bookshelf,770.78,157.31,4,0.0
1858,2024-12-13,West,Furniture,Sofa,1797.41,103.79,5,0.15
1859,2024-12-25,West,Electronics,Tablet,1350.11,266.0,3,0.15
1860,2024-05-31,East,Electronics,Smartphone,574.36,77.34,1,0.1
1861,2024-10-23,West,Furniture,Bookshelf,1382.92,220.15,4,0.0
1862,2024-02-23,West,Clothing,Dress,876.63,148.37,3,0.2
1863,2024-02-17,West,Clothing,Shoes,1723.55,141.1,4,0.0
1864,2024-01-30,South,Furniture,Bookshelf,366.53,38.42,2,0.2
1865,2024-08-29,South,Electronics,Headphones,808.66,199.64,1,0.05
1866,2024-06-22,East,Electronics,TV,474.11,89.94,4,0.15
1867,2024-05-22,West,Electronics,TV,1622.56,103.89,3,0.2
1868,2024-12-08,South,Electronics,Tablet,1351.86,118.19,5,0.0
1869,2024-08-13,North,Furniture,Bookshelf,1827.09,523.55,2,0.1
1870,2024-01-25,West,Electronics,Tablet,1784.62,160.87,5,0.05
1871,2024-08-15,West,Electronics,TV,1233.46,79.87,2,0.15
1872,2024-08-21,West,Electronics,Laptop,170.92,15.34,1,0.0
1873,2024-04-07,West,Clothing,Jacket,415.97,94.83,1,0.05
1874,2024-05-16,South,Clothing,T-Shirt,384.69,30.62,2,0.15
1875,2024-03-04,East,Furniture,Table,1767.83,270.46,3,0.0
1876,2024-09-05,South,Electronics,TV,507.46,130.95,2,0.1
1877,2024-10-22,North,Furniture,Bed,405.22,44.63,2,0.1
1878,2024-06-21,East,Clothing,Shoes,1332.97,294.97,1,0.05
1879,2024-08-29,East,Electronics,Headphones,988.99,91.9,1,0.15
1880,2024-06-23,North,Clothing,Jeans,1111.76,199.39,4,0.15
1881,2024-12-05,East,Furniture,Table,1722.86,160.0,5,0.2
1882,2024-04-15,East,Clothing,Jeans,139.57,19.42,1,0.1
1883,2024-02-25,South,Furniture,Sofa,1965.74,198.24,1,0.1
1884,2024-05-09,North,Clothing,Jacket,1936.12,123.92,3,0.1
1885,2024-02-04,South,Furniture,Bookshelf,746.32,161.53,3,0.1
1886,2024-02-29,East,Clothing,Jacket,1998.0,569.3,4,0.0
1887,2024-10-12,South,Furniture,Bookshelf,321.17,54.92,2,0.1
1888,2024-10-09,West,Electronics,Headphones,308.33,24.6,2,0.0
1889,2024-05-17,West,Furniture,Sofa,1820.75,162.57,1,0.05
1890,2024-12-31,South,Clothing,Dress,1799.69,359.3,4,0.15
1891,2024-06-30,East,Electronics,Tablet,478.99,117.07,2,0.0
1892,2024-03-04,South,Electronics,Headphones,689.35,139.35,1,0.0
1893,2024-03-16,West,Electronics,Headphones,1752.17,513.1,4,0.0
1894,2024-10-19,North,Furniture,Bed,457.66,49.99,1,0.15
1895,2024-09-12,East,Electronics,Headphones,1161.67,246.26,3,0.1
1896,2024-09-20,North,Clothing,T-Shirt,78.18,21.77,3,0.15
1897,2024-02-19,North,Clothing,Jacket,195.44,12.72,5,0.15
1898,2024-05-07,North,Furniture,Sofa,873.19,93.19,5,0.15
1899,2024-10-12,South,Electronics,Tablet,1470.6,155.4,4,0.1
1900,2024-04-15,South,Electronics,TV,416.43,115.5,2,0.05
1901,2024-01-31,North,Furniture,Sofa,1451.22,401.23,4,0.15
1902,2024-04-03,South,Clothing,Dress,1124.98,119.87,1,0.1
1903,2024-09-07,East,Furniture,Bed,1327.6,300.03,5,0.15
1904,2024-09-19,West,Electronics,Laptop,842.89,184.31,2,0.15
1905,2024-11-02,West,Clothing,Dress,1172.88,86.7,3,0.0
1906,2024-07-28,West,Electronics,Headphones,1372.34,168.5,2,0.1
1907,2024-07-07,North,Clothing,T-Shirt,346.1,90.74,1,0.1
1908,2024-11-24,West,Electronics,Smartphone,1723.0,220.73,2,0.1
1909,2024-03-15,North,Electronics,Headphones,372.78,25.91,4,0.0
1910,2024-08-16,North,Electronics,TV,910.85,84.08,5,0.0
1911,2024-03-11,West,Clothing,Dress,1832.17,366.25,2,0.15
1912,2024-07-17,East,Electronics,Headphones,265.03,50.76,4,0.05
1913,2024-08-23,West,Clothing,Jeans,663.58,154.62,5,0.0
1914,2024-01-21,North,Furniture,Bookshelf,1883.71,497.13,2,0.1
1915,2024-07-20,North,Clothing,Dress,118.52,7.69,3,0.2
1916,2024-10-04,South,Electronics,Smartphone,1880.69,312.89,5,0.1
1917,2024-09-01,South,Clothing,Jeans,58.19,3.4,2,0.0
1918,2024-02-03,East,Clothing,T-Shirt,186.76,51.05,3,0.2
1919,2024-06-23,South,Clothing,Dress,352.78,105.77,4,0.1
1920,2024-09-18,South,Furniture,Bookshelf,1477.18,195.4,3,0.1
1921,2024-01-23,South,Electronics,Tablet,1395.59,263.61,4,0.05
1922,2024-11-19,North,Furniture,Chair,1282.18,121.79,1,0.15
1923,2024-02-25,West,Clothing,Jeans,1423.87,383.14,2,0.1
1924,2024-03-14,South,Furniture,Sofa,438.74,130.2,2,0.05
1925,2024-06-09,North,Furniture,Bed,1991.4,336.05,5,0.0
1926,2024-02-29,West,Clothing,Jeans,1836.91,499.35,4,0.2
1927,2024-08-08,East,Clothing,Jeans,596.51,138.69,5,0.2
1928,2024-04-09,East,Electronics,Smartphone,1598.72,429.59,1,0.0
1929,2024-05-18,East,Clothing,Dress,987.02,294.57,2,0.0
1930,2024-10-24,North,Electronics,Headphones,1439.79,284.12,4,0.0
1931,2024-12-14,West,Electronics,TV,413.54,56.12,5,0.15
1932,2024-11-29,West,Electronics,Smartphone,677.08,126.89,1,0.1
1933,2024-11-17,South,Clothing,Dress,258.24,25.94,1,0.2
1934,2024-01-20,North,Furniture,Table,503.22,109.01,2,0.15
1935,2024-04-22,North,Electronics,TV,1497.51,207.06,2,0.05
1936,2024-04-29,South,Electronics,Tablet,1565.01,291.99,3,0.05
1937,2024-04-28,West,Electronics,Laptop,252.54,71.45,1,0.0
1938,2024-09-12,West,Electronics,Smartphone,1603.42,112.52,5,0.1
1939,2024-08-06,South,Furniture,Sofa,91.36,14.76,1,0.0
1940,2024-02-18,North,Electronics,Smartphone,1635.22,275.33,1,0.0
1941,2024-02-03,West,Furniture,Sofa,1557.08,161.54,2,0.2
1942,2024-02-18,East,Furniture,Bookshelf,1185.18,226.1,4,0.05
1943,2024-05-14,East,Electronics,Tablet,139.51,37.85,2,0.1
1944,2024-03-31,North,Clothing,T-Shirt,410.14,96.61,2,0.15
1945,2024-03-09,West,Clothing,Jeans,792.55,175.68,1,0.1
1946,2024-03-26,East,Electronics,Tablet,1256.52,283.12,2,0.15
1947,2024-07-18,East,Clothing,Shoes,1656.64,419.65,5,0.0
1948,2024-10-16,South,Furniture,Bookshelf,1759.84,152.1,5,0.0
1949,2024-07-09,North,Clothing,Shoes,1808.59,435.85,2,0.0
1950,2024-07-31,South,Clothing,Jeans,1576.48,82.91,5,0.15
1951,2024-02-24,West,Clothing,Shoes,991.05,289.03,3,0.1
1952,2024-04-03,East,Clothing,Jeans,383.6,36.79,1,0.05
1953,2024-10-29,South,Clothing,Shoes,1207.68,330.99,2,0.05
1954,2024-05-07,South,Clothing,Jacket,1735.26,118.23,1,0.05
1955,2024-10-06,East,Electronics,Headphones,238.09,52.24,4,0.2
1956,2024-03-08,South,Electronics,Smartphone,1348.44,232.35,3,0.15
1957,2024-11-07,East,Clothing,Jeans,966.0,97.04,5,0.0
1958,2024-01-31,East,Electronics,Headphones,1029.59,116.49,2,0.0
1959,2024-09-08,East,Furniture,Bookshelf,1687.69,413.83,5,0.2
1960,2024-02-06,West,Electronics,Headphones,1852.41,460.04,4,0.15
1961,2024-02-17,West,Clothing,T-Shirt,1869.21,334.0,3,0.2
1962,2024-11-10,East,Clothing,Jacket,979.12,147.35,1,0.2
1963,2024-09-19,East,Electronics,TV,459.22,135.4,1,0.05
1964,2024-05-28,South,Furniture,Chair,1326.86,340.12,5,0.15
1965,2024-09-14,South,Electronics,Tablet,494.75,131.52,5,0.1
1966,2024-09-12,South,Electronics,Headphones,906.97,239.59,3,0.05
1967,2024-04-15,West,Furniture,Table,1461.97,350.39,4,0.0
1968,2024-03-14,West,Electronics,Laptop,1755.8,207.86,2,0.05
1969,2024-07-12,East,Furniture,Bookshelf,1043.1,258.92,5,0.15
1970,2024-05-15,East,Clothing,T-Shirt,364.31,76.7,3,0.2
1971,2024-11-20,West,Clothing,Jacket,1996.74,286.67,2,0.1
1972,2024-06-03,West,Clothing,Dress,748.38,123.16,3,0.05
1973,2024-04-11,West,Clothing,T-Shirt,1621.29,134.79,1,0.2
1974,2024-08-01,South,Clothing,Dress,1520.12,226.9,2,0.0
1975,2024-05-22,East,Clothing,T-Shirt,1859.08,496.92,4,0.0
1976,2024-05-25,South,Clothing,Shoes,1648.97,176.98,2,0.0
1977,2024-10-11,North,Furniture,Sofa,1993.72,566.17,2,0.2
1978,2024-10-26,South,Furniture,Chair,482.7,63.46,5,0.05
1979,2024-09-07,North,Clothing,T-Shirt,1400.3,341.49,2,0.2
1980,2024-07-26,South,Furniture,Bookshelf,775.31,91.65,3,0.05
1981,2024-09-06,East,Clothing,T-Shirt,928.81,118.62,5,0.15
1982,2024-03-02,East,Clothing,Jeans,1651.46,468.56,2,0.05
1983,2024-07-17,South,Electronics,Headphones,1112.82,316.1,4,0.05
1984,2024-09-27,North,Electronics,Smartphone,977.66,129.06,4,0.05
1985,2024-10-03,West,Clothing,Dress,1399.67,365.9,3,0.0
1986,2024-01-21,West,Furniture,Chair,1921.13,196.51,3,0.0
1987,2024-01-20,North,Clothing,Jacket,1250.28,204.05,1,0.2
1988,2024-03-24,South,Clothing,Jacket,95.66,12.6,5,0.2
1989,2024-06-10,South,Electronics,Headphones,1514.49,112.39,4,0.2
1990,2024-11-10,East,Electronics,TV,491.94,130.85,2,0.2
1991,2024-01-17,North,Furniture,Chair,433.42,82.76,2,0.05
1992,2024-05-31,South,Electronics,Tablet,1904.48,544.86,4,0.0
1993,2024-04-26,North,Clothing,Shoes,237.78,26.7,3,0.15
1994,2024-06-10,East,Furniture,Table,1562.85,136.65,3,0.1
1995,2024-11-15,North,Furniture,Chair,607.78,117.25,2,0.1
1996,2024-03-11,North,Clothing,Shoes,289.32,62.04,1,0.05
1997,2024-11-24,South,Furniture,Sofa,160.88,33.6,2,0.2
1998,2024-10-18,North,Clothing,Dress,207.43,27.6,4,0.1
1999,2024-05-07,West,Clothing,Jeans,1338.04,214.81,3,0.1
2000,2024-06-23,East,Electronics,TV,1792.42,174.86,3,0.15
